date,dish,sold,covers,prepared,ingredient_cost,price,category
2026-09-10,Demo Soup,12,48,16,3.20,12.00,MAINS
2026-09-10,Demo Tart,7,48,10,2.80,11.00,DESSERT
2026-09-11,Demo Soup,13,54,17,3.20,12.00,MAINS
2026-09-11,Demo Tart,8,54,11,2.80,11.00,DESSERT
2026-09-12,Demo Soup,14,60,18,3.20,12.00,MAINS
2026-09-12,Demo Tart,9,60,12,2.80,11.00,DESSERT
2026-09-13,Demo Soup,15,66,19,3.20,12.00,MAINS
2026-09-13,Demo Tart,7,66,10,2.80,11.00,DESSERT
2026-09-14,Demo Soup,12,48,16,3.20,12.00,MAINS
2026-09-14,Demo Tart,8,48,11,2.80,11.00,DESSERT
2026-09-15,Demo Soup,13,54,17,3.20,12.00,MAINS
2026-09-15,Demo Tart,9,54,12,2.80,11.00,DESSERT
2026-09-16,Demo Soup,14,60,18,3.20,12.00,MAINS
2026-09-16,Demo Tart,7,60,10,2.80,11.00,DESSERT
2026-09-17,Demo Soup,15,66,19,3.20,12.00,MAINS
2026-09-17,Demo Tart,8,66,11,2.80,11.00,DESSERT
2026-09-18,Demo Soup,12,48,16,3.20,12.00,MAINS
2026-09-18,Demo Tart,9,48,12,2.80,11.00,DESSERT
2026-09-19,Demo Soup,13,54,17,3.20,12.00,MAINS
2026-09-19,Demo Tart,7,54,10,2.80,11.00,DESSERT
2026-09-20,Demo Soup,14,60,18,3.20,12.00,MAINS
2026-09-20,Demo Tart,8,60,11,2.80,11.00,DESSERT
2026-09-21,Demo Soup,15,66,19,3.20,12.00,MAINS
2026-09-21,Demo Tart,9,66,12,2.80,11.00,DESSERT
2026-09-22,Demo Soup,12,48,16,3.20,12.00,MAINS
2026-09-22,Demo Tart,7,48,10,2.80,11.00,DESSERT
2026-09-23,Demo Soup,13,54,17,3.20,12.00,MAINS
2026-09-23,Demo Tart,8,54,11,2.80,11.00,DESSERT
2026-09-24,Demo Soup,14,60,18,3.20,12.00,MAINS
2026-09-24,Demo Tart,9,60,12,2.80,11.00,DESSERT
2026-09-25,Demo Soup,15,66,19,3.20,12.00,MAINS
2026-09-25,Demo Tart,7,66,10,2.80,11.00,DESSERT
