date,inside_covers
2017-01-02,174
2017-01-03,181
2017-01-04,174
2017-01-05,191
2017-01-06,200
2017-01-07,209
2017-01-08,188
2017-01-09,175
2017-01-10,179
2017-01-11,187
2017-01-12,182
2017-01-13,201
2017-01-14,222
2017-01-15,222
2017-01-16,200
2017-01-17,139
2017-01-18,173
2017-01-19,186
2017-01-20,202
2017-01-21,241
2017-01-22,167
2017-01-23,164
2017-01-24,179
2017-01-25,198
2017-01-26,148
2017-01-27,202
2017-01-28,217
2017-01-29,198
2017-01-30,183
2017-01-31,161
2017-02-01,194
2017-02-02,178
2017-02-03,206
2017-02-04,217
2017-02-06,168
2017-02-07,176
2017-02-08,186
2017-02-09,181
2017-02-10,177
2017-02-11,222
2017-02-12,200
2017-02-13,190
2017-02-14,186
2017-02-15,196
2017-02-16,196
2017-02-17,210
2017-02-18,215
2017-02-19,200
2017-02-20,183
2017-02-21,186
2017-02-22,172
2017-02-23,186
2017-02-24,209
2017-02-25,231
2017-02-26,201
2017-02-27,171
2017-02-28,161
2017-03-01,179
2017-03-02,179
2017-03-03,190
2017-03-04,240
2017-03-05,217
2017-03-06,166
2017-03-07,167
2017-03-08,185
2017-03-09,193
2017-03-10,195
2017-03-11,209
2017-03-12,192
2017-03-13,179
2017-03-15,172
2017-03-16,187
2017-03-17,210
2017-03-18,226
2017-03-19,197
2017-03-20,191
2017-03-21,179
2017-03-22,181
2017-03-23,171
2017-03-24,193
2017-03-25,233
2017-03-26,213
2017-03-27,177
2017-03-28,188
2017-03-29,193
2017-03-30,178
2017-03-31,196
2017-04-01,229
2017-04-02,206
2017-04-03,184
2017-04-04,175
2017-04-05,167
2017-04-06,179
2017-04-07,202
2017-04-08,233
2017-04-09,209
2017-04-10,185
2017-04-11,164
2017-04-12,191
2017-04-13,193
2017-04-14,207
2017-04-15,210
2017-04-16,199
2017-04-17,165
2017-04-18,173
2017-04-19,176
2017-04-20,184
2017-04-21,199
2017-04-22,232
2017-04-23,203
2017-04-24,200
2017-04-25,166
2017-04-26,163
2017-04-27,202
2017-04-28,183
2017-04-29,188
2017-04-30,205
2017-05-01,162
2017-05-02,180
2017-05-03,175
2017-05-04,185
2017-05-05,205
2017-05-06,225
2017-05-07,200
2017-05-08,171
2017-05-09,185
2017-05-10,173
2017-05-11,195
2017-05-12,198
2017-05-13,217
2017-05-14,221
2017-05-15,162
2017-05-16,184
2017-05-17,170
2017-05-18,196
2017-05-19,194
2017-05-20,213
2017-05-21,190
2017-05-22,190
2017-05-23,168
2017-05-24,184
2017-05-25,187
2017-05-26,197
2017-05-27,212
2017-05-28,220
2017-05-29,182
2017-05-30,194
2017-05-31,176
2017-06-01,176
2017-06-02,168
2017-06-03,203
2017-06-04,211
2017-06-05,171
2017-06-06,185
2017-06-07,170
2017-06-08,176
2017-06-09,186
2017-06-10,191
2017-06-11,188
2017-06-12,168
2017-06-13,186
2017-06-14,182
2017-06-15,184
2017-06-16,197
2017-06-17,190
2017-06-18,196
2017-06-19,177
2017-06-20,189
2017-06-21,169
2017-06-22,154
2017-06-23,200
2017-06-24,197
2017-06-25,189
2017-06-26,180
2017-06-27,151
2017-06-28,162
2017-06-29,157
2017-06-30,201
2017-07-01,223
2017-07-02,217
2017-07-03,194
2017-07-04,183
2017-07-05,148
2017-07-06,168
2017-07-07,188
2017-07-08,199
2017-07-09,196
2017-07-10,176
2017-07-11,182
2017-07-12,184
2017-07-13,186
2017-07-14,204
2017-07-15,201
2017-07-16,198
2017-07-17,187
2017-07-18,161
2017-07-19,172
2017-07-20,170
2017-07-21,206
2017-07-22,221
2017-07-23,206
2017-07-24,171
2017-07-25,156
2017-07-26,176
2017-07-27,193
2017-07-28,195
2017-07-29,220
2017-07-30,184
2017-07-31,188
2017-08-01,160
2017-08-02,161
2017-08-03,180
2017-08-04,197
2017-08-05,218
2017-08-06,193
2017-08-07,186
2017-08-08,157
2017-08-09,182
2017-08-10,194
2017-08-11,193
2017-08-12,192
2017-08-13,212
2017-08-14,174
2017-08-15,157
2017-08-16,162
2017-08-17,167
2017-08-18,191
2017-08-19,197
2017-08-20,184
2017-08-21,166
2017-08-22,183
2017-08-23,175
2017-08-24,163
2017-08-25,184
2017-08-26,205
2017-08-27,180
2017-08-28,204
2017-08-29,184
2017-08-30,178
2017-08-31,169
2017-09-01,193
2017-09-02,214
2017-09-03,193
2017-09-04,196
2017-09-05,184
2017-09-06,183
2017-09-07,171
2017-09-08,189
2017-09-09,198
2017-09-10,197
2017-09-11,160
2017-09-12,150
2017-09-13,171
2017-09-14,182
2017-09-15,176
2017-09-16,186
2017-09-17,171
2017-09-18,189
2017-09-19,185
2017-09-20,167
2017-09-21,170
2017-09-22,177
2017-09-23,176
2017-09-24,188
2017-09-25,160
2017-09-26,174
2017-09-27,154
2017-09-28,171
2017-09-29,195
2017-09-30,221
2017-10-01,180
2017-10-02,168
2017-10-03,195
2017-10-04,159
2017-10-05,184
2017-10-06,202
2017-10-07,189
2017-10-08,191
2017-10-09,180
2017-10-10,157
2017-10-11,180
2017-10-12,189
2017-10-13,199
2017-10-14,196
2017-10-15,182
2017-10-16,182
2017-10-17,179
2017-10-18,184
2017-10-19,185
2017-10-20,187
2017-10-21,202
2017-10-22,188
2017-10-23,181
2017-10-24,192
2017-10-25,191
2017-10-26,189
2017-10-27,191
2017-10-28,186
2017-10-29,191
2017-10-30,177
2017-10-31,189
2017-11-01,176
2017-11-02,177
2017-11-03,183
2017-11-04,214
2017-11-05,199
2017-11-06,184
2017-11-07,164
2017-11-08,184
2017-11-09,186
2017-11-10,200
2017-11-11,202
2017-11-12,201
2017-11-13,168
2017-11-14,166
2017-11-15,187
2017-11-16,189
2017-11-17,189
2017-11-18,215
2017-11-19,203
2017-11-20,180
2017-11-21,190
2017-11-22,198
2017-11-24,188
2017-11-25,213
2017-11-26,186
2017-11-27,174
2017-11-28,146
2017-11-29,171
2017-11-30,173
2017-12-01,181
2017-12-02,222
2017-12-03,205
2017-12-04,178
2017-12-05,155
2017-12-06,180
2017-12-07,170
2017-12-08,198
2017-12-09,209
2017-12-10,189
2017-12-11,169
2017-12-12,162
2017-12-13,177
2017-12-14,183
2017-12-15,196
2017-12-16,203
2017-12-17,214
2017-12-18,173
2017-12-19,192
2017-12-20,173
2017-12-21,192
2017-12-22,160
2017-12-23,206
2017-12-26,191
2017-12-27,196
2017-12-28,210
2017-12-29,203
2017-12-30,202
2017-12-31,204
2018-01-02,163
2018-01-03,156
2018-01-04,172
2018-01-05,183
2018-01-06,205
2018-01-07,174
2018-01-08,160
2018-01-09,188
2018-01-10,183
2018-01-11,173
2018-01-12,195
2018-01-13,208
2018-01-14,194
2018-01-15,184
2018-01-16,175
2018-01-17,182
2018-01-18,158
2018-01-19,185
2018-01-20,206
2018-01-21,192
2018-01-22,182
2018-01-23,171
2018-01-24,187
2018-01-25,186
2018-01-26,196
2018-01-27,211
2018-01-28,217
2018-01-29,181
2018-01-30,160
2018-01-31,175
2018-02-01,171
2018-02-02,172
2018-02-03,208
2018-02-05,170
2018-02-06,157
2018-02-07,144
2018-02-08,175
2018-02-09,205
2018-02-10,203
2018-02-11,201
2018-02-12,199
2018-02-13,180
2018-02-14,184
2018-02-15,193
2018-02-16,190
2018-02-17,206
2018-02-18,223
2018-02-19,176
2018-02-20,163
2018-02-21,182
2018-02-22,172
2018-02-23,179
2018-02-24,210
2018-02-25,206
2018-02-26,171
2018-02-27,171
2018-02-28,162
2018-03-01,177
2018-03-02,180
2018-03-03,217
2018-03-04,184
2018-03-05,169
2018-03-06,157
2018-03-07,158
2018-03-08,167
2018-03-09,191
2018-03-10,208
2018-03-11,195
2018-03-12,168
2018-03-13,183
2018-03-14,165
2018-03-15,190
2018-03-16,182
2018-03-17,208
2018-03-18,185
2018-03-19,191
2018-03-20,173
2018-03-21,165
2018-03-22,170
2018-03-23,203
2018-03-24,222
2018-03-25,199
2018-03-26,170
2018-03-27,167
2018-03-28,156
2018-03-29,193
2018-03-30,172
2018-03-31,202
2018-04-01,211
2018-04-02,169
2018-04-03,172
2018-04-04,178
2018-04-05,180
2018-04-06,198
2018-04-07,224
2018-04-08,221
2018-04-09,178
2018-04-10,181
2018-04-11,186
2018-04-12,187
2018-04-13,186
2018-04-14,201
2018-04-15,185
2018-04-16,163
2018-04-17,180
2018-04-18,185
2018-04-19,164
2018-04-20,186
2018-04-21,198
2018-04-22,150
2018-04-23,170
2018-04-24,158
2018-04-25,180
2018-04-26,182
2018-04-27,193
2018-04-28,217
2018-04-29,199
2018-04-30,194
2018-05-01,125
2018-05-02,168
2018-05-03,150
2018-05-04,163
2018-05-05,188
2018-05-06,182
2018-05-07,183
2018-05-08,176
2018-05-09,157
2018-05-10,173
2018-05-11,179
2018-05-12,191
2018-05-13,196
2018-05-14,183
2018-05-15,161
2018-05-16,186
2018-05-17,184
2018-05-18,182
2018-05-19,225
2018-05-20,198
2018-05-21,171
2018-05-22,180
2018-05-23,175
2018-05-24,155
2018-05-25,179
2018-05-26,175
2018-05-27,205
2018-05-28,166
2018-05-29,167
2018-05-30,159
2018-05-31,172
2018-06-01,176
2018-06-02,195
2018-06-03,191
2018-06-04,153
2018-06-05,153
2018-06-06,178
2018-06-07,163
2018-06-08,166
2018-06-09,180
2018-06-10,208
2018-06-11,158
2018-06-12,160
2018-06-13,184
2018-06-14,163
2018-06-15,163
2018-06-16,182
2018-06-17,174
2018-06-18,181
2018-06-19,165
2018-06-20,169
2018-06-21,155
2018-06-22,177
2018-06-23,177
2018-06-24,184
2018-06-25,175
2018-06-26,159
2018-06-27,172
2018-06-28,164
2018-06-29,182
2018-06-30,174
2018-07-01,179
2018-07-02,185
2018-07-03,185
2018-07-04,186
2018-07-05,170
2018-07-06,173
2018-07-07,185
2018-07-08,177
2018-07-09,166
2018-07-10,161
2018-07-11,186
2018-07-12,164
2018-07-13,159
2018-07-14,184
2018-07-15,159
2018-07-16,166
2018-07-17,163
2018-07-18,155
2018-07-19,164
2018-07-20,168
2018-07-21,195
2018-07-22,189
2018-07-23,164
2018-07-24,174
2018-07-25,170
2018-07-26,157
2018-07-27,170
2018-07-28,194
2018-07-29,171
2018-07-30,155
2018-07-31,141
2018-08-01,154
2018-08-02,185
2018-08-03,179
2018-08-04,173
2018-08-05,189
2018-08-06,176
2018-08-07,170
2018-08-08,170
2018-08-09,166
2018-08-10,189
2018-08-11,209
2018-08-12,201
2018-08-13,172
2018-08-14,160
2018-08-15,179
2018-08-16,166
2018-08-17,177
2018-08-18,196
2018-08-19,171
2018-08-20,167
2018-08-21,169
2018-08-22,172
2018-08-23,166
2018-08-24,171
2018-08-25,184
2018-08-26,183
2018-08-27,163
2018-08-28,183
2018-08-29,167
2018-08-30,187
2018-08-31,168
2018-09-01,187
2018-09-02,196
2018-09-03,163
2018-09-04,170
2018-09-05,161
2018-09-06,168
2018-09-07,193
2018-09-08,191
2018-09-09,199
2018-09-10,177
2018-09-11,187
2018-09-12,172
2018-09-13,164
2018-09-14,171
2018-09-15,169
2018-09-16,171
2018-09-17,189
2018-09-18,174
2018-09-19,159
2018-09-20,155
2018-09-21,186
2018-09-22,182
2018-09-23,187
2018-09-24,188
2018-09-25,180
2018-09-26,171
2018-09-27,173
2018-09-28,187
2018-09-29,173
2018-09-30,208
2018-10-01,174
2018-10-02,181
2018-10-04,40
2018-10-05,170
2018-10-06,183
2018-10-07,176
2018-10-08,172
2018-10-09,164
2018-10-10,160
2018-10-11,186
2018-10-12,174
2018-10-13,186
2018-10-14,194
2018-10-15,185
2018-10-16,167
2018-10-17,170
2018-10-18,176
2018-10-19,192
2018-10-20,187
2018-10-21,184
2018-10-22,174
2018-10-23,173
2018-10-24,180
2018-10-25,164
2018-10-26,195
2018-10-27,194
2018-10-28,180
2018-10-29,179
2018-10-30,171
2018-10-31,174
2018-11-01,175
2018-11-02,204
2018-11-03,198
2018-11-04,180
2018-11-05,182
2018-11-06,167
2018-11-07,143
2018-11-08,175
2018-11-09,183
2018-11-10,233
2018-11-11,198
2018-11-12,163
2018-11-13,163
2018-11-14,164
2018-11-15,147
2018-11-16,176
2018-11-17,198
2018-11-18,184
2018-11-19,173
2018-11-20,189
2018-11-21,178
2018-11-23,197
2018-11-24,190
2018-11-25,179
2018-11-26,163
2018-11-27,161
2018-11-28,170
2018-11-29,183
2018-11-30,172
2018-12-01,191
2018-12-02,197
2018-12-03,169
2018-12-04,165
2018-12-05,170
2018-12-06,180
2018-12-07,192
2018-12-08,205
2018-12-09,188
2018-12-10,173
2018-12-11,169
2018-12-12,159
2018-12-13,164
2018-12-14,171
2018-12-15,246
2018-12-16,175
2018-12-17,169
2018-12-18,169
2018-12-19,185
2018-12-20,163
2018-12-21,184
2018-12-22,207
2018-12-23,186
2018-12-26,176
2018-12-27,197
2018-12-28,209
2018-12-29,202
2018-12-30,202
2018-12-31,182
2019-01-02,183
2019-01-03,184
2019-01-04,197
2019-01-05,216
2019-01-06,178
2019-01-07,175
2019-01-08,166
2019-01-09,175
2019-01-10,162
2019-01-11,186
2019-01-12,203
2019-01-13,185
2019-01-14,191
2019-01-15,191
2019-01-16,166
2019-01-17,180
2019-01-18,187
2019-01-19,201
2019-01-20,208
2019-01-21,165
2019-01-22,179
2019-01-23,170
2019-01-24,190
2019-01-25,194
2019-01-26,75
2019-01-27,178
2019-01-28,191
2019-01-29,153
2019-01-30,174
2019-01-31,192
2019-02-01,183
2019-02-02,195
2019-02-04,169
2019-02-05,181
2019-02-06,186
2019-02-07,186
2019-02-08,176
2019-02-09,200
2019-02-10,196
2019-02-11,177
2019-02-12,158
2019-02-13,180
2019-02-14,185
2019-02-15,199
2019-02-16,218
2019-02-17,213
2019-02-18,185
2019-02-19,168
2019-02-20,155
2019-02-21,183
2019-02-22,201
2019-02-23,213
2019-02-24,189
2019-02-25,159
2019-02-26,178
2019-02-27,168
2019-02-28,168
2019-03-01,190
2019-03-02,198
2019-03-03,183
2019-03-04,184
2019-03-05,164
2019-03-06,150
2019-03-07,192
2019-03-08,196
2019-03-09,210
2019-03-10,204
2019-03-11,182
2019-03-12,182
2019-03-13,177
2019-03-14,179
2019-03-15,181
2019-03-16,203
2019-03-17,186
2019-03-18,173
2019-03-19,178
2019-03-20,164
2019-03-21,171
2019-03-22,190
2019-03-23,200
2019-03-24,179
2019-03-25,187
2019-03-26,178
2019-03-27,170
2019-03-28,182
2019-03-29,189
2019-03-30,206
2019-03-31,195
2019-04-01,162
2019-04-02,171
2019-04-03,176
2019-04-04,178
2019-04-05,200
2019-04-06,223
2019-04-07,190
2019-04-08,181
2019-04-09,181
2019-04-10,189
2019-04-11,178
2019-04-12,188
2019-04-13,201
2019-04-14,211
2019-04-15,197
2019-04-16,184
2019-04-17,183
2019-04-18,180
2019-04-19,204
2019-04-20,213
2019-04-21,201
2019-04-22,193
2019-04-23,171
2019-04-24,182
2019-04-25,183
2019-04-26,178
2019-04-27,177
2019-04-28,170
2019-04-29,184
2019-04-30,162
2019-05-01,165
2019-05-02,180
2019-05-03,192
2019-05-04,191
2019-05-05,199
2019-05-06,165
2019-05-07,191
2019-05-08,169
2019-05-09,191
2019-05-10,203
2019-05-11,201
2019-05-12,168
2019-05-13,180
2019-05-14,162
2019-05-15,173
2019-05-16,170
2019-05-17,184
2019-05-18,209
2019-05-19,189
2019-05-20,182
2019-05-21,186
2019-05-22,172
2019-05-23,168
2019-05-24,190
2019-05-25,22
2019-05-26,211
2019-05-27,179
2019-05-28,152
2019-05-29,176
2019-05-30,175
2019-05-31,190
2019-06-01,184
2019-06-02,207
2019-06-03,177
2019-06-04,170
2019-06-05,181
2019-06-06,173
2019-06-07,178
2019-06-08,205
2019-06-09,195
2019-06-10,176
2019-06-11,171
2019-06-12,171
2019-06-13,172
2019-06-14,178
2019-06-15,192
2019-06-16,179
2019-06-17,184
2019-06-18,175
2019-06-19,183
2019-06-20,184
2019-06-21,177
2019-06-22,185
2019-06-23,191
2019-06-24,177
2019-06-25,144
2019-06-26,179
2019-06-27,170
2019-06-28,177
2019-06-29,189
2019-06-30,221
